DATA_MC,KOD_WOJ,WOJEWODZTWO,PLEC,WIEK,LICZBA
2024-01,02,WOJ. DOLNOŚLĄSKIE,K,63,1
2024-01,02,WOJ. DOLNOŚLĄSKIE,K,23,24
2024-01,02,WOJ. DOLNOŚLĄSKIE,K,56,3
2024-01,02,WOJ. DOLNOŚLĄSKIE,K,29,24
2024-01,02,WOJ. DOLNOŚLĄSKIE,K,44,6
2024-01,02,WOJ. DOLNOŚLĄSKIE,K,18,31
2024-01,02,WOJ. DOLNOŚLĄSKIE,K,25,21
2024-01,02,WOJ. DOLNOŚLĄSKIE,K,38,9
2024-01,02,WOJ. DOLNOŚLĄSKIE,K,43,5
2024-01,02,WOJ. DOLNOŚLĄSKIE,K,30,16
2024-01,02,WOJ. DOLNOŚLĄSKIE,K,64,1
2024-01,02,WOJ. DOLNOŚLĄSKIE,K,39,8
2024-01,02,WOJ. DOLNOŚLĄSKIE,K,26,22
2024-01,02,WOJ. DOLNOŚLĄSKIE,K,37,12
2024-01,02,WOJ. DOLNOŚLĄSKIE,K,21,46
2024-01,02,WOJ. DOLNOŚLĄSKIE,K,35,13
2024-01,02,WOJ. DOLNOŚLĄSKIE,K,41,10
2024-01,02,WOJ. DOLNOŚLĄSKIE,K,32,10
2024-01,02,WOJ. DOLNOŚLĄSKIE,K,45,4
2024-01,02,WOJ. DOLNOŚLĄSKIE,K,62,1
2024-01,02,WOJ. DOLNOŚLĄSKIE,K,20,119
2024-01,02,WOJ. DOLNOŚLĄSKIE,K,53,3
2024-01,02,WOJ. DOLNOŚLĄSKIE,K,40,6
2024-01,02,WOJ. DOLNOŚLĄSKIE,K,47,6
2024-01,02,WOJ. DOLNOŚLĄSKIE,K,54,1
2024-01,02,WOJ. DOLNOŚLĄSKIE,K,51,4
2024-01,02,WOJ. DOLNOŚLĄSKIE,K,48,4
2024-01,02,WOJ. DOLNOŚLĄSKIE,K,66,2
2024-01,02,WOJ. DOLNOŚLĄSKIE,K,65,1
2024-01,02,WOJ. DOLNOŚLĄSKIE,K,28,24
2024-01,02,WOJ. DOLNOŚLĄSKIE,K,24,40
2024-01,02,WOJ. DOLNOŚLĄSKIE,K,46,5
2024-01,02,WOJ. DOLNOŚLĄSKIE,K,42,11
2024-01,02,WOJ. DOLNOŚLĄSKIE,K,50,5
2024-01,02,WOJ. DOLNOŚLĄSKIE,K,36,16
2024-01,02,WOJ. DOLNOŚLĄSKIE,K,33,16
2024-01,02,WOJ. DOLNOŚLĄSKIE,K,22,29
2024-01,02,WOJ. DOLNOŚLĄSKIE,K,31,14
2024-01,02,WOJ. DOLNOŚLĄSKIE,K,49,7
2024-01,02,WOJ. DOLNOŚLĄSKIE,K,55,1
2024-01,02,WOJ. DOLNOŚLĄSKIE,K,34,16
2024-01,02,WOJ. DOLNOŚLĄSKIE,K,52,3
2024-01,02,WOJ. DOLNOŚLĄSKIE,K,58,1
2024-01,02,WOJ. DOLNOŚLĄSKIE,K,19,555
2024-01,02,WOJ. DOLNOŚLĄSKIE,K,27,18
2024-01,02,WOJ. DOLNOŚLĄSKIE,M,45,7
2024-01,02,WOJ. DOLNOŚLĄSKIE,M,31,14
2024-01,02,WOJ. DOLNOŚLĄSKIE,M,22,37
2024-01,02,WOJ. DOLNOŚLĄSKIE,M,33,12
2024-01,02,WOJ. DOLNOŚLĄSKIE,M,70,1
2024-01,02,WOJ. DOLNOŚLĄSKIE,M,20,111
2024-01,02,WOJ. DOLNOŚLĄSKIE,M,29,21
2024-01,02,WOJ. DOLNOŚLĄSKIE,M,30,13
2024-01,02,WOJ. DOLNOŚLĄSKIE,M,28,14
2024-01,02,WOJ. DOLNOŚLĄSKIE,M,66,2
2024-01,02,WOJ. DOLNOŚLĄSKIE,M,40,9
2024-01,02,WOJ. DOLNOŚLĄSKIE,M,27,23
2024-01,02,WOJ. DOLNOŚLĄSKIE,M,48,2
2024-01,02,WOJ. DOLNOŚLĄSKIE,M,44,3
2024-01,02,WOJ. DOLNOŚLĄSKIE,M,55,1
2024-01,02,WOJ. DOLNOŚLĄSKIE,M,52,1
2024-01,02,WOJ. DOLNOŚLĄSKIE,M,18,73
2024-01,02,WOJ. DOLNOŚLĄSKIE,M,23,16
2024-01,02,WOJ. DOLNOŚLĄSKIE,M,25,23
2024-01,02,WOJ. DOLNOŚLĄSKIE,M,39,6
2024-01,02,WOJ. DOLNOŚLĄSKIE,M,41,7
2024-01,02,WOJ. DOLNOŚLĄSKIE,M,17,4
2024-01,02,WOJ. DOLNOŚLĄSKIE,M,32,15
2024-01,02,WOJ. DOLNOŚLĄSKIE,M,51,4
2024-01,02,WOJ. DOLNOŚLĄSKIE,M,36,13
2024-01,02,WOJ. DOLNOŚLĄSKIE,M,50,2
2024-01,02,WOJ. DOLNOŚLĄSKIE,M,38,11
2024-01,02,WOJ. DOLNOŚLĄSKIE,M,42,4
2024-01,02,WOJ. DOLNOŚLĄSKIE,M,49,2
2024-01,02,WOJ. DOLNOŚLĄSKIE,M,56,1
2024-01,02,WOJ. DOLNOŚLĄSKIE,M,19,635
2024-01,02,WOJ. DOLNOŚLĄSKIE,M,46,9
2024-01,02,WOJ. DOLNOŚLĄSKIE,M,37,5
2024-01,02,WOJ. DOLNOŚLĄSKIE,M,59,2
2024-01,02,WOJ. DOLNOŚLĄSKIE,M,43,5
2024-01,02,WOJ. DOLNOŚLĄSKIE,M,24,29
2024-01,02,WOJ. DOLNOŚLĄSKIE,M,47,6
2024-01,02,WOJ. DOLNOŚLĄSKIE,M,53,1
2024-01,02,WOJ. DOLNOŚLĄSKIE,M,21,49
2024-01,02,WOJ. DOLNOŚLĄSKIE,M,35,8
2024-01,02,WOJ. DOLNOŚLĄSKIE,M,26,18
2024-01,02,WOJ. DOLNOŚLĄSKIE,M,34,9
2024-01,04,WOJ. KUJAWSKO-POMORSKIE,K,19,435
2024-01,04,WOJ. KUJAWSKO-POMORSKIE,K,53,1
2024-01,04,WOJ. KUJAWSKO-POMORSKIE,K,27,7
2024-01,04,WOJ. KUJAWSKO-POMORSKIE,K,34,9
2024-01,04,WOJ. KUJAWSKO-POMORSKIE,K,33,8
2024-01,04,WOJ. KUJAWSKO-POMORSKIE,K,23,14
2024-01,04,WOJ. KUJAWSKO-POMORSKIE,K,28,10
2024-01,04,WOJ. KUJAWSKO-POMORSKIE,K,48,2
2024-01,04,WOJ. KUJAWSKO-POMORSKIE,K,36,10
2024-01,04,WOJ. KUJAWSKO-POMORSKIE,K,43,5
2024-01,04,WOJ. KUJAWSKO-POMORSKIE,K,57,3
2024-01,04,WOJ. KUJAWSKO-POMORSKIE,K,56,2
2024-01,04,WOJ. KUJAWSKO-POMORSKIE,K,24,14
2024-01,04,WOJ. KUJAWSKO-POMORSKIE,K,52,2
2024-01,04,WOJ. KUJAWSKO-POMORSKIE,K,64,1
2024-01,04,WOJ. KUJAWSKO-POMORSKIE,K,26,13
2024-01,04,WOJ. KUJAWSKO-POMORSKIE,K,42,3
2024-01,04,WOJ. KUJAWSKO-POMORSKIE,K,50,1
2024-01,04,WOJ. KUJAWSKO-POMORSKIE,K,17,1
2024-01,04,WOJ. KUJAWSKO-POMORSKIE,K,49,2
2024-01,04,WOJ. KUJAWSKO-POMORSKIE,K,18,34
2024-01,04,WOJ. KUJAWSKO-POMORSKIE,K,22,22
2024-01,04,WOJ. KUJAWSKO-POMORSKIE,K,21,23
2024-01,04,WOJ. KUJAWSKO-POMORSKIE,K,40,8
2024-01,04,WOJ. KUJAWSKO-POMORSKIE,K,51,4
2024-01,04,WOJ. KUJAWSKO-POMORSKIE,K,46,3
2024-01,04,WOJ. KUJAWSKO-POMORSKIE,K,32,5
2024-01,04,WOJ. KUJAWSKO-POMORSKIE,K,35,10
2024-01,04,WOJ. KUJAWSKO-POMORSKIE,K,47,2
2024-01,04,WOJ. KUJAWSKO-POMORSKIE,K,25,11
2024-01,04,WOJ. KUJAWSKO-POMORSKIE,K,38,7
2024-01,04,WOJ. KUJAWSKO-POMORSKIE,K,54,1
2024-01,04,WOJ. KUJAWSKO-POMORSKIE,K,37,4
2024-01,04,WOJ. KUJAWSKO-POMORSKIE,K,29,10
2024-01,04,WOJ. KUJAWSKO-POMORSKIE,K,45,5
2024-01,04,WOJ. KUJAWSKO-POMORSKIE,K,55,1
2024-01,04,WOJ. KUJAWSKO-POMORSKIE,K,20,71
2024-01,04,WOJ. KUJAWSKO-POMORSKIE,K,31,10
2024-01,04,WOJ. KUJAWSKO-POMORSKIE,K,39,10
2024-01,04,WOJ. KUJAWSKO-POMORSKIE,K,41,10
2024-01,04,WOJ. KUJAWSKO-POMORSKIE,K,44,3
2024-01,04,WOJ. KUJAWSKO-POMORSKIE,K,30,10
2024-01,04,WOJ. KUJAWSKO-POMORSKIE,M,22,18
2024-01,04,WOJ. KUJAWSKO-POMORSKIE,M,24,13
2024-01,04,WOJ. KUJAWSKO-POMORSKIE,M,54,1
2024-01,04,WOJ. KUJAWSKO-POMORSKIE,M,40,4
2024-01,04,WOJ. KUJAWSKO-POMORSKIE,M,57,2
2024-01,04,WOJ. KUJAWSKO-POMORSKIE,M,32,3
2024-01,04,WOJ. KUJAWSKO-POMORSKIE,M,25,10
2024-01,04,WOJ. KUJAWSKO-POMORSKIE,M,55,2
2024-01,04,WOJ. KUJAWSKO-POMORSKIE,M,41,2
2024-01,04,WOJ. KUJAWSKO-POMORSKIE,M,48,2
2024-01,04,WOJ. KUJAWSKO-POMORSKIE,M,35,8
2024-01,04,WOJ. KUJAWSKO-POMORSKIE,M,29,8
2024-01,04,WOJ. KUJAWSKO-POMORSKIE,M,42,3
2024-01,04,WOJ. KUJAWSKO-POMORSKIE,M,49,1
2024-01,04,WOJ. KUJAWSKO-POMORSKIE,M,26,10
2024-01,04,WOJ. KUJAWSKO-POMORSKIE,M,27,10
2024-01,04,WOJ. KUJAWSKO-POMORSKIE,M,23,18
2024-01,04,WOJ. KUJAWSKO-POMORSKIE,M,44,3
2024-01,04,WOJ. KUJAWSKO-POMORSKIE,M,17,13
2024-01,04,WOJ. KUJAWSKO-POMORSKIE,M,21,31
2024-01,04,WOJ. KUJAWSKO-POMORSKIE,M,46,2
2024-01,04,WOJ. KUJAWSKO-POMORSKIE,M,38,6
2024-01,04,WOJ. KUJAWSKO-POMORSKIE,M,31,5
2024-01,04,WOJ. KUJAWSKO-POMORSKIE,M,28,8
2024-01,04,WOJ. KUJAWSKO-POMORSKIE,M,36,2
2024-01,04,WOJ. KUJAWSKO-POMORSKIE,M,67,1
2024-01,04,WOJ. KUJAWSKO-POMORSKIE,M,62,1
2024-01,04,WOJ. KUJAWSKO-POMORSKIE,M,30,8
2024-01,04,WOJ. KUJAWSKO-POMORSKIE,M,47,3
2024-01,04,WOJ. KUJAWSKO-POMORSKIE,M,50,2
2024-01,04,WOJ. KUJAWSKO-POMORSKIE,M,59,1
2024-01,04,WOJ. KUJAWSKO-POMORSKIE,M,20,60
2024-01,04,WOJ. KUJAWSKO-POMORSKIE,M,39,8
2024-01,04,WOJ. KUJAWSKO-POMORSKIE,M,33,7
2024-01,04,WOJ. KUJAWSKO-POMORSKIE,M,43,6
2024-01,04,WOJ. KUJAWSKO-POMORSKIE,M,37,5
2024-01,04,WOJ. KUJAWSKO-POMORSKIE,M,34,2
2024-01,04,WOJ. KUJAWSKO-POMORSKIE,M,16,1
2024-01,04,WOJ. KUJAWSKO-POMORSKIE,M,19,473
2024-01,04,WOJ. KUJAWSKO-POMORSKIE,M,18,36
2024-01,06,WOJ. LUBELSKIE,K,47,2
2024-01,06,WOJ. LUBELSKIE,K,40,2
2024-01,06,WOJ. LUBELSKIE,K,62,1
2024-01,06,WOJ. LUBELSKIE,K,42,6
2024-01,06,WOJ. LUBELSKIE,K,30,6
2024-01,06,WOJ. LUBELSKIE,K,46,6
2024-01,06,WOJ. LUBELSKIE,K,35,10
2024-01,06,WOJ. LUBELSKIE,K,37,4
2024-01,06,WOJ. LUBELSKIE,K,51,2
2024-01,06,WOJ. LUBELSKIE,K,27,13
2024-01,06,WOJ. LUBELSKIE,K,36,8
2024-01,06,WOJ. LUBELSKIE,K,52,2
2024-01,06,WOJ. LUBELSKIE,K,34,4
2024-01,06,WOJ. LUBELSKIE,K,44,1
2024-01,06,WOJ. LUBELSKIE,K,22,26
2024-01,06,WOJ. LUBELSKIE,K,21,24
2024-01,06,WOJ. LUBELSKIE,K,59,3
2024-01,06,WOJ. LUBELSKIE,K,50,4
2024-01,06,WOJ. LUBELSKIE,K,53,1
2024-01,06,WOJ. LUBELSKIE,K,26,8
2024-01,06,WOJ. LUBELSKIE,K,19,420
2024-01,06,WOJ. LUBELSKIE,K,33,10
2024-01,06,WOJ. LUBELSKIE,K,31,7
2024-01,06,WOJ. LUBELSKIE,K,24,17
2024-01,06,WOJ. LUBELSKIE,K,28,5
2024-01,06,WOJ. LUBELSKIE,K,29,4
2024-01,06,WOJ. LUBELSKIE,K,25,11
2024-01,06,WOJ. LUBELSKIE,K,43,2
2024-01,06,WOJ. LUBELSKIE,K,48,2
2024-01,06,WOJ. LUBELSKIE,K,20,48
2024-01,06,WOJ. LUBELSKIE,K,23,19
2024-01,06,WOJ. LUBELSKIE,K,45,2
2024-01,06,WOJ. LUBELSKIE,K,58,1
2024-01,06,WOJ. LUBELSKIE,K,18,105
2024-01,06,WOJ. LUBELSKIE,K,39,8
2024-01,06,WOJ. LUBELSKIE,K,41,5
2024-01,06,WOJ. LUBELSKIE,K,32,5
2024-01,06,WOJ. LUBELSKIE,K,54,4
2024-01,06,WOJ. LUBELSKIE,K,49,1
2024-01,06,WOJ. LUBELSKIE,K,56,1
2024-01,06,WOJ. LUBELSKIE,M,49,2
2024-01,06,WOJ. LUBELSKIE,M,34,5
2024-01,06,WOJ. LUBELSKIE,M,29,5
2024-01,06,WOJ. LUBELSKIE,M,48,1
2024-01,06,WOJ. LUBELSKIE,M,42,5
2024-01,06,WOJ. LUBELSKIE,M,22,16
2024-01,06,WOJ. LUBELSKIE,M,27,8
2024-01,06,WOJ. LUBELSKIE,M,23,14
2024-01,06,WOJ. LUBELSKIE,M,17,16
2024-01,06,WOJ. LUBELSKIE,M,40,3
2024-01,06,WOJ. LUBELSKIE,M,20,52
2024-01,06,WOJ. LUBELSKIE,M,43,3
2024-01,06,WOJ. LUBELSKIE,M,35,4
2024-01,06,WOJ. LUBELSKIE,M,61,1
2024-01,06,WOJ. LUBELSKIE,M,37,2
2024-01,06,WOJ. LUBELSKIE,M,44,1
2024-01,06,WOJ. LUBELSKIE,M,56,2
2024-01,06,WOJ. LUBELSKIE,M,45,1
2024-01,06,WOJ. LUBELSKIE,M,19,459
2024-01,06,WOJ. LUBELSKIE,M,16,4
2024-01,06,WOJ. LUBELSKIE,M,31,9
2024-01,06,WOJ. LUBELSKIE,M,24,13
2024-01,06,WOJ. LUBELSKIE,M,36,4
2024-01,06,WOJ. LUBELSKIE,M,50,1
2024-01,06,WOJ. LUBELSKIE,M,51,3
2024-01,06,WOJ. LUBELSKIE,M,41,2
2024-01,06,WOJ. LUBELSKIE,M,33,2
2024-01,06,WOJ. LUBELSKIE,M,28,5
2024-01,06,WOJ. LUBELSKIE,M,21,23
2024-01,06,WOJ. LUBELSKIE,M,30,7
2024-01,06,WOJ. LUBELSKIE,M,38,4
2024-01,06,WOJ. LUBELSKIE,M,25,7
2024-01,06,WOJ. LUBELSKIE,M,39,4
2024-01,06,WOJ. LUBELSKIE,M,59,1
2024-01,06,WOJ. LUBELSKIE,M,46,2
2024-01,06,WOJ. LUBELSKIE,M,18,142
2024-01,06,WOJ. LUBELSKIE,M,26,9
2024-01,06,WOJ. LUBELSKIE,M,32,6
2024-01,08,WOJ. LUBUSKIE,K,21,21
2024-01,08,WOJ. LUBUSKIE,K,42,6
2024-01,08,WOJ. LUBUSKIE,K,38,5
2024-01,08,WOJ. LUBUSKIE,K,44,2
2024-01,08,WOJ. LUBUSKIE,K,54,1
2024-01,08,WOJ. LUBUSKIE,K,47,3
2024-01,08,WOJ. LUBUSKIE,K,31,3
2024-01,08,WOJ. LUBUSKIE,K,36,3
2024-01,08,WOJ. LUBUSKIE,K,61,1
2024-01,08,WOJ. LUBUSKIE,K,23,12
2024-01,08,WOJ. LUBUSKIE,K,28,6
2024-01,08,WOJ. LUBUSKIE,K,40,2
2024-01,08,WOJ. LUBUSKIE,K,25,12
2024-01,08,WOJ. LUBUSKIE,K,30,8
2024-01,08,WOJ. LUBUSKIE,K,39,2
2024-01,08,WOJ. LUBUSKIE,K,43,2
2024-01,08,WOJ. LUBUSKIE,K,66,1
2024-01,08,WOJ. LUBUSKIE,K,53,1
2024-01,08,WOJ. LUBUSKIE,K,46,3
2024-01,08,WOJ. LUBUSKIE,K,29,10
2024-01,08,WOJ. LUBUSKIE,K,27,10
2024-01,08,WOJ. LUBUSKIE,K,37,5
2024-01,08,WOJ. LUBUSKIE,K,63,1
2024-01,08,WOJ. LUBUSKIE,K,50,1
2024-01,08,WOJ. LUBUSKIE,K,19,227
2024-01,08,WOJ. LUBUSKIE,K,52,4
2024-01,08,WOJ. LUBUSKIE,K,18,13
2024-01,08,WOJ. LUBUSKIE,K,20,33
2024-01,08,WOJ. LUBUSKIE,K,45,5
2024-01,08,WOJ. LUBUSKIE,K,35,2
2024-01,08,WOJ. LUBUSKIE,K,34,5
2024-01,08,WOJ. LUBUSKIE,K,32,8
2024-01,08,WOJ. LUBUSKIE,K,22,10
2024-01,08,WOJ. LUBUSKIE,K,56,1
2024-01,08,WOJ. LUBUSKIE,K,26,6
2024-01,08,WOJ. LUBUSKIE,K,48,1
2024-01,08,WOJ. LUBUSKIE,K,41,3
2024-01,08,WOJ. LUBUSKIE,K,24,7
2024-01,08,WOJ. LUBUSKIE,K,33,10
2024-01,08,WOJ. LUBUSKIE,M,17,4
2024-01,08,WOJ. LUBUSKIE,M,25,9
2024-01,08,WOJ. LUBUSKIE,M,21,18
2024-01,08,WOJ. LUBUSKIE,M,26,7
2024-01,08,WOJ. LUBUSKIE,M,23,10
2024-01,08,WOJ. LUBUSKIE,M,44,2
2024-01,08,WOJ. LUBUSKIE,M,33,2
2024-01,08,WOJ. LUBUSKIE,M,38,3
2024-01,08,WOJ. LUBUSKIE,M,29,5
2024-01,08,WOJ. LUBUSKIE,M,18,27
2024-01,08,WOJ. LUBUSKIE,M,39,5
2024-01,08,WOJ. LUBUSKIE,M,36,3
2024-01,08,WOJ. LUBUSKIE,M,50,1
2024-01,08,WOJ. LUBUSKIE,M,40,3
2024-01,08,WOJ. LUBUSKIE,M,37,1
2024-01,08,WOJ. LUBUSKIE,M,32,3
2024-01,08,WOJ. LUBUSKIE,M,42,4
2024-01,08,WOJ. LUBUSKIE,M,27,2
2024-01,08,WOJ. LUBUSKIE,M,22,11
2024-01,08,WOJ. LUBUSKIE,M,34,3
2024-01,08,WOJ. LUBUSKIE,M,31,4
2024-01,08,WOJ. LUBUSKIE,M,46,1
2024-01,08,WOJ. LUBUSKIE,M,55,1
2024-01,08,WOJ. LUBUSKIE,M,19,281
2024-01,08,WOJ. LUBUSKIE,M,20,45
2024-01,08,WOJ. LUBUSKIE,M,43,3
2024-01,08,WOJ. LUBUSKIE,M,28,11
2024-01,08,WOJ. LUBUSKIE,M,49,3
2024-01,08,WOJ. LUBUSKIE,M,35,5
2024-01,08,WOJ. LUBUSKIE,M,53,2
2024-01,08,WOJ. LUBUSKIE,M,48,1
2024-01,08,WOJ. LUBUSKIE,M,51,1
2024-01,08,WOJ. LUBUSKIE,M,24,8
2024-01,08,WOJ. LUBUSKIE,M,45,2
2024-01,10,WOJ. ŁÓDZKIE,K,56,3
2024-01,10,WOJ. ŁÓDZKIE,K,21,36
2024-01,10,WOJ. ŁÓDZKIE,K,47,2
2024-01,10,WOJ. ŁÓDZKIE,K,45,3
2024-01,10,WOJ. ŁÓDZKIE,K,50,1
2024-01,10,WOJ. ŁÓDZKIE,K,18,69
2024-01,10,WOJ. ŁÓDZKIE,K,39,9
2024-01,10,WOJ. ŁÓDZKIE,K,52,4
2024-01,10,WOJ. ŁÓDZKIE,K,43,4
2024-01,10,WOJ. ŁÓDZKIE,K,32,9
2024-01,10,WOJ. ŁÓDZKIE,K,60,1
2024-01,10,WOJ. ŁÓDZKIE,K,58,1
2024-01,10,WOJ. ŁÓDZKIE,K,41,2
2024-01,10,WOJ. ŁÓDZKIE,K,54,4
2024-01,10,WOJ. ŁÓDZKIE,K,42,7
2024-01,10,WOJ. ŁÓDZKIE,K,30,11
2024-01,10,WOJ. ŁÓDZKIE,K,24,18
2024-01,10,WOJ. ŁÓDZKIE,K,63,1
2024-01,10,WOJ. ŁÓDZKIE,K,36,7
2024-01,10,WOJ. ŁÓDZKIE,K,19,469
2024-01,10,WOJ. ŁÓDZKIE,K,59,1
2024-01,10,WOJ. ŁÓDZKIE,K,33,11
2024-01,10,WOJ. ŁÓDZKIE,K,57,2
2024-01,10,WOJ. ŁÓDZKIE,K,40,6
2024-01,10,WOJ. ŁÓDZKIE,K,44,3
2024-01,10,WOJ. ŁÓDZKIE,K,38,8
2024-01,10,WOJ. ŁÓDZKIE,K,23,17
2024-01,10,WOJ. ŁÓDZKIE,K,22,18
2024-01,10,WOJ. ŁÓDZKIE,K,53,2
2024-01,10,WOJ. ŁÓDZKIE,K,46,4
2024-01,10,WOJ. ŁÓDZKIE,K,48,1
2024-01,10,WOJ. ŁÓDZKIE,K,20,61
2024-01,10,WOJ. ŁÓDZKIE,K,37,6
2024-01,10,WOJ. ŁÓDZKIE,K,25,9
2024-01,10,WOJ. ŁÓDZKIE,K,29,15
2024-01,10,WOJ. ŁÓDZKIE,K,34,4
2024-01,10,WOJ. ŁÓDZKIE,K,35,6
2024-01,10,WOJ. ŁÓDZKIE,K,26,8
2024-01,10,WOJ. ŁÓDZKIE,K,27,16
2024-01,10,WOJ. ŁÓDZKIE,K,17,5
2024-01,10,WOJ. ŁÓDZKIE,K,62,2
2024-01,10,WOJ. ŁÓDZKIE,K,28,11
2024-01,10,WOJ. ŁÓDZKIE,K,31,4
2024-01,10,WOJ. ŁÓDZKIE,M,43,1
2024-01,10,WOJ. ŁÓDZKIE,M,51,1
2024-01,10,WOJ. ŁÓDZKIE,M,44,3
2024-01,10,WOJ. ŁÓDZKIE,M,18,105
2024-01,10,WOJ. ŁÓDZKIE,M,22,28
2024-01,10,WOJ. ŁÓDZKIE,M,33,5
2024-01,10,WOJ. ŁÓDZKIE,M,26,12
2024-01,10,WOJ. ŁÓDZKIE,M,30,7
2024-01,10,WOJ. ŁÓDZKIE,M,34,5
2024-01,10,WOJ. ŁÓDZKIE,M,38,5
2024-01,10,WOJ. ŁÓDZKIE,M,46,3
2024-01,10,WOJ. ŁÓDZKIE,M,50,1
2024-01,10,WOJ. ŁÓDZKIE,M,25,14
2024-01,10,WOJ. ŁÓDZKIE,M,40,4
2024-01,10,WOJ. ŁÓDZKIE,M,39,5
2024-01,10,WOJ. ŁÓDZKIE,M,49,1
2024-01,10,WOJ. ŁÓDZKIE,M,19,538
2024-01,10,WOJ. ŁÓDZKIE,M,23,12
2024-01,10,WOJ. ŁÓDZKIE,M,45,1
2024-01,10,WOJ. ŁÓDZKIE,M,37,1
2024-01,10,WOJ. ŁÓDZKIE,M,35,6
2024-01,10,WOJ. ŁÓDZKIE,M,29,5
2024-01,10,WOJ. ŁÓDZKIE,M,41,6
2024-01,10,WOJ. ŁÓDZKIE,M,24,10
2024-01,10,WOJ. ŁÓDZKIE,M,47,1
2024-01,10,WOJ. ŁÓDZKIE,M,21,36
2024-01,10,WOJ. ŁÓDZKIE,M,20,76
2024-01,10,WOJ. ŁÓDZKIE,M,28,8
2024-01,10,WOJ. ŁÓDZKIE,M,31,4
2024-01,10,WOJ. ŁÓDZKIE,M,48,1
2024-01,10,WOJ. ŁÓDZKIE,M,17,18
2024-01,10,WOJ. ŁÓDZKIE,M,36,5
2024-01,10,WOJ. ŁÓDZKIE,M,27,5
2024-01,10,WOJ. ŁÓDZKIE,M,58,2
2024-01,10,WOJ. ŁÓDZKIE,M,32,3
2024-01,12,WOJ. MAŁOPOLSKIE,K,51,1
2024-01,12,WOJ. MAŁOPOLSKIE,K,48,5
2024-01,12,WOJ. MAŁOPOLSKIE,K,41,5
2024-01,12,WOJ. MAŁOPOLSKIE,K,37,8
2024-01,12,WOJ. MAŁOPOLSKIE,K,32,15
2024-01,12,WOJ. MAŁOPOLSKIE,K,57,1
2024-01,12,WOJ. MAŁOPOLSKIE,K,22,36
2024-01,12,WOJ. MAŁOPOLSKIE,K,38,9
2024-01,12,WOJ. MAŁOPOLSKIE,K,47,7
2024-01,12,WOJ. MAŁOPOLSKIE,K,54,1
2024-01,12,WOJ. MAŁOPOLSKIE,K,52,2
2024-01,12,WOJ. MAŁOPOLSKIE,K,34,12
2024-01,12,WOJ. MAŁOPOLSKIE,K,28,22
2024-01,12,WOJ. MAŁOPOLSKIE,K,43,5
2024-01,12,WOJ. MAŁOPOLSKIE,K,29,15
2024-01,12,WOJ. MAŁOPOLSKIE,K,55,4
2024-01,12,WOJ. MAŁOPOLSKIE,K,17,2
2024-01,12,WOJ. MAŁOPOLSKIE,K,53,1
2024-01,12,WOJ. MAŁOPOLSKIE,K,56,1
2024-01,12,WOJ. MAŁOPOLSKIE,K,27,19
2024-01,12,WOJ. MAŁOPOLSKIE,K,40,11
2024-01,12,WOJ. MAŁOPOLSKIE,K,36,7
2024-01,12,WOJ. MAŁOPOLSKIE,K,50,2
2024-01,12,WOJ. MAŁOPOLSKIE,K,39,8
2024-01,12,WOJ. MAŁOPOLSKIE,K,45,5
2024-01,12,WOJ. MAŁOPOLSKIE,K,58,1
2024-01,12,WOJ. MAŁOPOLSKIE,K,42,3
2024-01,12,WOJ. MAŁOPOLSKIE,K,46,3
2024-01,12,WOJ. MAŁOPOLSKIE,K,49,1
2024-01,12,WOJ. MAŁOPOLSKIE,K,35,8
2024-01,12,WOJ. MAŁOPOLSKIE,K,44,6
2024-01,12,WOJ. MAŁOPOLSKIE,K,24,30
2024-01,12,WOJ. MAŁOPOLSKIE,K,31,17
2024-01,12,WOJ. MAŁOPOLSKIE,K,16,1
2024-01,12,WOJ. MAŁOPOLSKIE,K,19,771
2024-01,12,WOJ. MAŁOPOLSKIE,K,25,19
2024-01,12,WOJ. MAŁOPOLSKIE,K,21,63
2024-01,12,WOJ. MAŁOPOLSKIE,K,23,35
2024-01,12,WOJ. MAŁOPOLSKIE,K,33,13
2024-01,12,WOJ. MAŁOPOLSKIE,K,20,109
2024-01,12,WOJ. MAŁOPOLSKIE,K,30,17
2024-01,12,WOJ. MAŁOPOLSKIE,K,26,35
2024-01,12,WOJ. MAŁOPOLSKIE,K,18,87
2024-01,12,WOJ. MAŁOPOLSKIE,M,46,1
2024-01,12,WOJ. MAŁOPOLSKIE,M,49,2
2024-01,12,WOJ. MAŁOPOLSKIE,M,26,10
2024-01,12,WOJ. MAŁOPOLSKIE,M,50,3
2024-01,12,WOJ. MAŁOPOLSKIE,M,33,13
2024-01,12,WOJ. MAŁOPOLSKIE,M,45,1
2024-01,12,WOJ. MAŁOPOLSKIE,M,40,2
2024-01,12,WOJ. MAŁOPOLSKIE,M,19,931
2024-01,12,WOJ. MAŁOPOLSKIE,M,41,7
2024-01,12,WOJ. MAŁOPOLSKIE,M,28,10
2024-01,12,WOJ. MAŁOPOLSKIE,M,51,1
2024-01,12,WOJ. MAŁOPOLSKIE,M,18,146
2024-01,12,WOJ. MAŁOPOLSKIE,M,24,19
2024-01,12,WOJ. MAŁOPOLSKIE,M,48,2
2024-01,12,WOJ. MAŁOPOLSKIE,M,35,8
2024-01,12,WOJ. MAŁOPOLSKIE,M,39,6
2024-01,12,WOJ. MAŁOPOLSKIE,M,56,1
2024-01,12,WOJ. MAŁOPOLSKIE,M,20,124
2024-01,12,WOJ. MAŁOPOLSKIE,M,21,62
2024-01,12,WOJ. MAŁOPOLSKIE,M,30,8
2024-01,12,WOJ. MAŁOPOLSKIE,M,38,11
2024-01,12,WOJ. MAŁOPOLSKIE,M,17,15
2024-01,12,WOJ. MAŁOPOLSKIE,M,16,2
2024-01,12,WOJ. MAŁOPOLSKIE,M,32,13
2024-01,12,WOJ. MAŁOPOLSKIE,M,54,2
2024-01,12,WOJ. MAŁOPOLSKIE,M,22,41
2024-01,12,WOJ. MAŁOPOLSKIE,M,23,23
2024-01,12,WOJ. MAŁOPOLSKIE,M,37,10
2024-01,12,WOJ. MAŁOPOLSKIE,M,44,2
2024-01,12,WOJ. MAŁOPOLSKIE,M,47,3
2024-01,12,WOJ. MAŁOPOLSKIE,M,25,22
2024-01,12,WOJ. MAŁOPOLSKIE,M,29,13
2024-01,12,WOJ. MAŁOPOLSKIE,M,43,1
2024-01,12,WOJ. MAŁOPOLSKIE,M,36,8
2024-01,12,WOJ. MAŁOPOLSKIE,M,27,17
2024-01,12,WOJ. MAŁOPOLSKIE,M,31,15
2024-01,12,WOJ. MAŁOPOLSKIE,M,34,7
2024-01,14,WOJ. MAZOWIECKIE,K,27,38
2024-01,14,WOJ. MAZOWIECKIE,K,32,27
2024-01,14,WOJ. MAZOWIECKIE,K,52,3
2024-01,14,WOJ. MAZOWIECKIE,K,55,2
2024-01,14,WOJ. MAZOWIECKIE,K,50,4
2024-01,14,WOJ. MAZOWIECKIE,K,43,6
2024-01,14,WOJ. MAZOWIECKIE,K,22,52
2024-01,14,WOJ. MAZOWIECKIE,K,59,2
2024-01,14,WOJ. MAZOWIECKIE,K,66,1
2024-01,14,WOJ. MAZOWIECKIE,K,19,1016
2024-01,14,WOJ. MAZOWIECKIE,K,25,34
2024-01,14,WOJ. MAZOWIECKIE,K,48,5
2024-01,14,WOJ. MAZOWIECKIE,K,53,3
2024-01,14,WOJ. MAZOWIECKIE,K,18,125
2024-01,14,WOJ. MAZOWIECKIE,K,26,42
2024-01,14,WOJ. MAZOWIECKIE,K,31,22
2024-01,14,WOJ. MAZOWIECKIE,K,57,1
2024-01,14,WOJ. MAZOWIECKIE,K,30,31
2024-01,14,WOJ. MAZOWIECKIE,K,62,2
2024-01,14,WOJ. MAZOWIECKIE,K,49,3
2024-01,14,WOJ. MAZOWIECKIE,K,41,17
2024-01,14,WOJ. MAZOWIECKIE,K,24,39
2024-01,14,WOJ. MAZOWIECKIE,K,28,32
2024-01,14,WOJ. MAZOWIECKIE,K,38,17
2024-01,14,WOJ. MAZOWIECKIE,K,36,23
2024-01,14,WOJ. MAZOWIECKIE,K,58,2
2024-01,14,WOJ. MAZOWIECKIE,K,21,80
2024-01,14,WOJ. MAZOWIECKIE,K,63,3
2024-01,14,WOJ. MAZOWIECKIE,K,33,26
2024-01,14,WOJ. MAZOWIECKIE,K,40,17
2024-01,14,WOJ. MAZOWIECKIE,K,46,12
2024-01,14,WOJ. MAZOWIECKIE,K,54,3
2024-01,14,WOJ. MAZOWIECKIE,K,39,15
2024-01,14,WOJ. MAZOWIECKIE,K,51,5
2024-01,14,WOJ. MAZOWIECKIE,K,17,4
2024-01,14,WOJ. MAZOWIECKIE,K,45,10
2024-01,14,WOJ. MAZOWIECKIE,K,34,18
2024-01,14,WOJ. MAZOWIECKIE,K,29,32
2024-01,14,WOJ. MAZOWIECKIE,K,37,23
2024-01,14,WOJ. MAZOWIECKIE,K,42,17
2024-01,14,WOJ. MAZOWIECKIE,K,47,5
2024-01,14,WOJ. MAZOWIECKIE,K,44,3
2024-01,14,WOJ. MAZOWIECKIE,K,56,2
2024-01,14,WOJ. MAZOWIECKIE,K,20,220
2024-01,14,WOJ. MAZOWIECKIE,K,35,19
2024-01,14,WOJ. MAZOWIECKIE,K,23,42
2024-01,14,WOJ. MAZOWIECKIE,M,29,34
2024-01,14,WOJ. MAZOWIECKIE,M,19,1251
2024-01,14,WOJ. MAZOWIECKIE,M,44,11
2024-01,14,WOJ. MAZOWIECKIE,M,33,12
2024-01,14,WOJ. MAZOWIECKIE,M,45,7
2024-01,14,WOJ. MAZOWIECKIE,M,34,6
2024-01,14,WOJ. MAZOWIECKIE,M,25,26
2024-01,14,WOJ. MAZOWIECKIE,M,30,21
2024-01,14,WOJ. MAZOWIECKIE,M,35,17
2024-01,14,WOJ. MAZOWIECKIE,M,41,9
2024-01,14,WOJ. MAZOWIECKIE,M,65,1
2024-01,14,WOJ. MAZOWIECKIE,M,54,3
2024-01,14,WOJ. MAZOWIECKIE,M,53,1
2024-01,14,WOJ. MAZOWIECKIE,M,58,1
2024-01,14,WOJ. MAZOWIECKIE,M,27,29
2024-01,14,WOJ. MAZOWIECKIE,M,16,6
2024-01,14,WOJ. MAZOWIECKIE,M,47,7
2024-01,14,WOJ. MAZOWIECKIE,M,46,3
2024-01,14,WOJ. MAZOWIECKIE,M,36,8
2024-01,14,WOJ. MAZOWIECKIE,M,50,6
2024-01,14,WOJ. MAZOWIECKIE,M,22,51
2024-01,14,WOJ. MAZOWIECKIE,M,18,184
2024-01,14,WOJ. MAZOWIECKIE,M,32,24
2024-01,14,WOJ. MAZOWIECKIE,M,38,10
2024-01,14,WOJ. MAZOWIECKIE,M,23,38
2024-01,14,WOJ. MAZOWIECKIE,M,37,21
2024-01,14,WOJ. MAZOWIECKIE,M,17,22
2024-01,14,WOJ. MAZOWIECKIE,M,40,9
2024-01,14,WOJ. MAZOWIECKIE,M,52,1
2024-01,14,WOJ. MAZOWIECKIE,M,43,9
2024-01,14,WOJ. MAZOWIECKIE,M,49,8
2024-01,14,WOJ. MAZOWIECKIE,M,28,25
2024-01,14,WOJ. MAZOWIECKIE,M,21,100
2024-01,14,WOJ. MAZOWIECKIE,M,24,50
2024-01,14,WOJ. MAZOWIECKIE,M,42,6
2024-01,14,WOJ. MAZOWIECKIE,M,60,1
2024-01,14,WOJ. MAZOWIECKIE,M,48,5
2024-01,14,WOJ. MAZOWIECKIE,M,20,242
2024-01,14,WOJ. MAZOWIECKIE,M,39,14
2024-01,14,WOJ. MAZOWIECKIE,M,26,22
2024-01,14,WOJ. MAZOWIECKIE,M,31,17
2024-01,16,WOJ. OPOLSKIE,K,20,29
2024-01,16,WOJ. OPOLSKIE,K,38,4
2024-01,16,WOJ. OPOLSKIE,K,48,1
2024-01,16,WOJ. OPOLSKIE,K,19,225
2024-01,16,WOJ. OPOLSKIE,K,51,2
2024-01,16,WOJ. OPOLSKIE,K,26,2
2024-01,16,WOJ. OPOLSKIE,K,47,3
2024-01,16,WOJ. OPOLSKIE,K,17,1
2024-01,16,WOJ. OPOLSKIE,K,50,1
2024-01,16,WOJ. OPOLSKIE,K,30,5
2024-01,16,WOJ. OPOLSKIE,K,21,11
2024-01,16,WOJ. OPOLSKIE,K,41,3
2024-01,16,WOJ. OPOLSKIE,K,49,2
2024-01,16,WOJ. OPOLSKIE,K,18,23
2024-01,16,WOJ. OPOLSKIE,K,56,1
2024-01,16,WOJ. OPOLSKIE,K,39,4
2024-01,16,WOJ. OPOLSKIE,K,24,9
2024-01,16,WOJ. OPOLSKIE,K,27,6
2024-01,16,WOJ. OPOLSKIE,K,37,4
2024-01,16,WOJ. OPOLSKIE,K,44,2
2024-01,16,WOJ. OPOLSKIE,K,63,1
2024-01,16,WOJ. OPOLSKIE,K,31,4
2024-01,16,WOJ. OPOLSKIE,K,36,6
2024-01,16,WOJ. OPOLSKIE,K,33,4
2024-01,16,WOJ. OPOLSKIE,K,54,1
2024-01,16,WOJ. OPOLSKIE,K,58,1
2024-01,16,WOJ. OPOLSKIE,K,23,7
2024-01,16,WOJ. OPOLSKIE,K,29,3
2024-01,16,WOJ. OPOLSKIE,K,55,2
2024-01,16,WOJ. OPOLSKIE,K,22,7
2024-01,16,WOJ. OPOLSKIE,K,25,7
2024-01,16,WOJ. OPOLSKIE,K,32,3
2024-01,16,WOJ. OPOLSKIE,K,28,3
2024-01,16,WOJ. OPOLSKIE,K,35,2
2024-01,16,WOJ. OPOLSKIE,K,46,4
2024-01,16,WOJ. OPOLSKIE,K,34,7
2024-01,16,WOJ. OPOLSKIE,K,43,1
2024-01,16,WOJ. OPOLSKIE,K,40,1
2024-01,16,WOJ. OPOLSKIE,M,20,35
2024-01,16,WOJ. OPOLSKIE,M,23,3
2024-01,16,WOJ. OPOLSKIE,M,32,5
2024-01,16,WOJ. OPOLSKIE,M,48,2
2024-01,16,WOJ. OPOLSKIE,M,30,1
2024-01,16,WOJ. OPOLSKIE,M,69,1
2024-01,16,WOJ. OPOLSKIE,M,39,2
2024-01,16,WOJ. OPOLSKIE,M,35,4
2024-01,16,WOJ. OPOLSKIE,M,33,3
2024-01,16,WOJ. OPOLSKIE,M,21,8
2024-01,16,WOJ. OPOLSKIE,M,24,12
2024-01,16,WOJ. OPOLSKIE,M,37,2
2024-01,16,WOJ. OPOLSKIE,M,28,3
2024-01,16,WOJ. OPOLSKIE,M,42,1
2024-01,16,WOJ. OPOLSKIE,M,44,2
2024-01,16,WOJ. OPOLSKIE,M,18,36
2024-01,16,WOJ. OPOLSKIE,M,31,5
2024-01,16,WOJ. OPOLSKIE,M,17,3
2024-01,16,WOJ. OPOLSKIE,M,19,214
2024-01,16,WOJ. OPOLSKIE,M,54,1
2024-01,16,WOJ. OPOLSKIE,M,26,4
2024-01,16,WOJ. OPOLSKIE,M,27,4
2024-01,16,WOJ. OPOLSKIE,M,56,1
2024-01,16,WOJ. OPOLSKIE,M,25,8
2024-01,16,WOJ. OPOLSKIE,M,22,8
2024-01,16,WOJ. OPOLSKIE,M,34,2
2024-01,16,WOJ. OPOLSKIE,M,40,1
2024-01,16,WOJ. OPOLSKIE,M,41,2
2024-01,16,WOJ. OPOLSKIE,M,29,1
2024-01,16,WOJ. OPOLSKIE,M,38,5
2024-01,16,WOJ. OPOLSKIE,M,36,3
2024-01,18,WOJ. PODKARPACKIE,K,37,8
2024-01,18,WOJ. PODKARPACKIE,K,23,14
2024-01,18,WOJ. PODKARPACKIE,K,40,6
2024-01,18,WOJ. PODKARPACKIE,K,28,7
2024-01,18,WOJ. PODKARPACKIE,K,46,2
2024-01,18,WOJ. PODKARPACKIE,K,45,3
2024-01,18,WOJ. PODKARPACKIE,K,41,3
2024-01,18,WOJ. PODKARPACKIE,K,36,8
2024-01,18,WOJ. PODKARPACKIE,K,56,1
2024-01,18,WOJ. PODKARPACKIE,K,27,6
2024-01,18,WOJ. PODKARPACKIE,K,47,3
2024-01,18,WOJ. PODKARPACKIE,K,30,5
2024-01,18,WOJ. PODKARPACKIE,K,53,2
2024-01,18,WOJ. PODKARPACKIE,K,18,109
2024-01,18,WOJ. PODKARPACKIE,K,19,492
2024-01,18,WOJ. PODKARPACKIE,K,29,10
2024-01,18,WOJ. PODKARPACKIE,K,42,2
2024-01,18,WOJ. PODKARPACKIE,K,38,2
2024-01,18,WOJ. PODKARPACKIE,K,39,2
2024-01,18,WOJ. PODKARPACKIE,K,49,3
2024-01,18,WOJ. PODKARPACKIE,K,35,3
2024-01,18,WOJ. PODKARPACKIE,K,26,7
2024-01,18,WOJ. PODKARPACKIE,K,54,1
2024-01,18,WOJ. PODKARPACKIE,K,52,1
2024-01,18,WOJ. PODKARPACKIE,K,20,54
2024-01,18,WOJ. PODKARPACKIE,K,22,14
2024-01,18,WOJ. PODKARPACKIE,K,24,8
2024-01,18,WOJ. PODKARPACKIE,K,21,24
2024-01,18,WOJ. PODKARPACKIE,K,55,2
2024-01,18,WOJ. PODKARPACKIE,K,51,2
2024-01,18,WOJ. PODKARPACKIE,K,62,2
2024-01,18,WOJ. PODKARPACKIE,K,25,5
2024-01,18,WOJ. PODKARPACKIE,K,64,1
2024-01,18,WOJ. PODKARPACKIE,K,59,1
2024-01,18,WOJ. PODKARPACKIE,K,58,1
2024-01,18,WOJ. PODKARPACKIE,K,34,7
2024-01,18,WOJ. PODKARPACKIE,K,31,4
2024-01,18,WOJ. PODKARPACKIE,K,33,6
2024-01,18,WOJ. PODKARPACKIE,K,43,4
2024-01,18,WOJ. PODKARPACKIE,K,50,2
2024-01,18,WOJ. PODKARPACKIE,K,32,2
2024-01,18,WOJ. PODKARPACKIE,K,57,1
2024-01,18,WOJ. PODKARPACKIE,K,48,1
2024-01,18,WOJ. PODKARPACKIE,K,17,1
2024-01,18,WOJ. PODKARPACKIE,M,17,10
2024-01,18,WOJ. PODKARPACKIE,M,56,3
2024-01,18,WOJ. PODKARPACKIE,M,66,1
2024-01,18,WOJ. PODKARPACKIE,M,16,1
2024-01,18,WOJ. PODKARPACKIE,M,21,21
2024-01,18,WOJ. PODKARPACKIE,M,26,7
2024-01,18,WOJ. PODKARPACKIE,M,28,8
2024-01,18,WOJ. PODKARPACKIE,M,36,3
2024-01,18,WOJ. PODKARPACKIE,M,30,5
2024-01,18,WOJ. PODKARPACKIE,M,42,3
2024-01,18,WOJ. PODKARPACKIE,M,20,42
2024-01,18,WOJ. PODKARPACKIE,M,39,1
2024-01,18,WOJ. PODKARPACKIE,M,49,1
2024-01,18,WOJ. PODKARPACKIE,M,38,2
2024-01,18,WOJ. PODKARPACKIE,M,31,10
2024-01,18,WOJ. PODKARPACKIE,M,23,10
2024-01,18,WOJ. PODKARPACKIE,M,40,1
2024-01,18,WOJ. PODKARPACKIE,M,32,3
2024-01,18,WOJ. PODKARPACKIE,M,41,2
2024-01,18,WOJ. PODKARPACKIE,M,51,1
2024-01,18,WOJ. PODKARPACKIE,M,34,6
2024-01,18,WOJ. PODKARPACKIE,M,37,5
2024-01,18,WOJ. PODKARPACKIE,M,48,1
2024-01,18,WOJ. PODKARPACKIE,M,45,2
2024-01,18,WOJ. PODKARPACKIE,M,29,5
2024-01,18,WOJ. PODKARPACKIE,M,44,3
2024-01,18,WOJ. PODKARPACKIE,M,52,1
2024-01,18,WOJ. PODKARPACKIE,M,50,1
2024-01,18,WOJ. PODKARPACKIE,M,33,1
2024-01,18,WOJ. PODKARPACKIE,M,18,158
2024-01,18,WOJ. PODKARPACKIE,M,22,16
2024-01,18,WOJ. PODKARPACKIE,M,43,1
2024-01,18,WOJ. PODKARPACKIE,M,19,568
2024-01,18,WOJ. PODKARPACKIE,M,27,6
2024-01,18,WOJ. PODKARPACKIE,M,25,10
2024-01,18,WOJ. PODKARPACKIE,M,35,7
2024-01,18,WOJ. PODKARPACKIE,M,24,16
2024-01,20,WOJ. PODLASKIE,K,46,2
2024-01,20,WOJ. PODLASKIE,K,41,1
2024-01,20,WOJ. PODLASKIE,K,34,3
2024-01,20,WOJ. PODLASKIE,K,31,3
2024-01,20,WOJ. PODLASKIE,K,20,29
2024-01,20,WOJ. PODLASKIE,K,30,4
2024-01,20,WOJ. PODLASKIE,K,19,197
2024-01,20,WOJ. PODLASKIE,K,44,1
2024-01,20,WOJ. PODLASKIE,K,23,6
2024-01,20,WOJ. PODLASKIE,K,27,1
2024-01,20,WOJ. PODLASKIE,K,26,3
2024-01,20,WOJ. PODLASKIE,K,24,8
2024-01,20,WOJ. PODLASKIE,K,38,2
2024-01,20,WOJ. PODLASKIE,K,28,6
2024-01,20,WOJ. PODLASKIE,K,40,2
2024-01,20,WOJ. PODLASKIE,K,33,3
2024-01,20,WOJ. PODLASKIE,K,43,1
2024-01,20,WOJ. PODLASKIE,K,42,1
2024-01,20,WOJ. PODLASKIE,K,49,2
2024-01,20,WOJ. PODLASKIE,K,22,7
2024-01,20,WOJ. PODLASKIE,K,18,62
2024-01,20,WOJ. PODLASKIE,K,39,1
2024-01,20,WOJ. PODLASKIE,K,35,1
2024-01,20,WOJ. PODLASKIE,K,29,2
2024-01,20,WOJ. PODLASKIE,K,21,15
2024-01,20,WOJ. PODLASKIE,K,32,5
2024-01,20,WOJ. PODLASKIE,K,47,1
2024-01,20,WOJ. PODLASKIE,K,36,2
2024-01,20,WOJ. PODLASKIE,K,51,2
2024-01,20,WOJ. PODLASKIE,K,25,3
2024-01,20,WOJ. PODLASKIE,M,24,14
2024-01,20,WOJ. PODLASKIE,M,32,7
2024-01,20,WOJ. PODLASKIE,M,17,11
2024-01,20,WOJ. PODLASKIE,M,41,1
2024-01,20,WOJ. PODLASKIE,M,18,72
2024-01,20,WOJ. PODLASKIE,M,19,185
2024-01,20,WOJ. PODLASKIE,M,20,25
2024-01,20,WOJ. PODLASKIE,M,26,7
2024-01,20,WOJ. PODLASKIE,M,36,1
2024-01,20,WOJ. PODLASKIE,M,29,4
2024-01,20,WOJ. PODLASKIE,M,52,1
2024-01,20,WOJ. PODLASKIE,M,39,2
2024-01,20,WOJ. PODLASKIE,M,22,10
2024-01,20,WOJ. PODLASKIE,M,30,2
2024-01,20,WOJ. PODLASKIE,M,38,3
2024-01,20,WOJ. PODLASKIE,M,33,4
2024-01,20,WOJ. PODLASKIE,M,21,17
2024-01,20,WOJ. PODLASKIE,M,27,4
2024-01,20,WOJ. PODLASKIE,M,37,1
2024-01,20,WOJ. PODLASKIE,M,28,2
2024-01,20,WOJ. PODLASKIE,M,23,6
2024-01,20,WOJ. PODLASKIE,M,42,1
2024-01,20,WOJ. PODLASKIE,M,25,3
2024-01,20,WOJ. PODLASKIE,M,43,2
2024-01,20,WOJ. PODLASKIE,M,31,3
2024-01,20,WOJ. PODLASKIE,M,16,3
2024-01,20,WOJ. PODLASKIE,M,35,4
2024-01,20,WOJ. PODLASKIE,M,34,5
2024-01,22,WOJ. POMORSKIE,K,47,4
2024-01,22,WOJ. POMORSKIE,K,40,4
2024-01,22,WOJ. POMORSKIE,K,25,11
2024-01,22,WOJ. POMORSKIE,K,31,10
2024-01,22,WOJ. POMORSKIE,K,32,13
2024-01,22,WOJ. POMORSKIE,K,44,4
2024-01,22,WOJ. POMORSKIE,K,49,1
2024-01,22,WOJ. POMORSKIE,K,50,3
2024-01,22,WOJ. POMORSKIE,K,26,15
2024-01,22,WOJ. POMORSKIE,K,55,1
2024-01,22,WOJ. POMORSKIE,K,46,5
2024-01,22,WOJ. POMORSKIE,K,21,35
2024-01,22,WOJ. POMORSKIE,K,24,20
2024-01,22,WOJ. POMORSKIE,K,58,2
2024-01,22,WOJ. POMORSKIE,K,45,2
2024-01,22,WOJ. POMORSKIE,K,37,9
2024-01,22,WOJ. POMORSKIE,K,30,13
2024-01,22,WOJ. POMORSKIE,K,38,10
2024-01,22,WOJ. POMORSKIE,K,43,3
2024-01,22,WOJ. POMORSKIE,K,33,13
2024-01,22,WOJ. POMORSKIE,K,51,5
2024-01,22,WOJ. POMORSKIE,K,39,7
2024-01,22,WOJ. POMORSKIE,K,29,17
2024-01,22,WOJ. POMORSKIE,K,53,1
2024-01,22,WOJ. POMORSKIE,K,18,41
2024-01,22,WOJ. POMORSKIE,K,52,2
2024-01,22,WOJ. POMORSKIE,K,42,3
2024-01,22,WOJ. POMORSKIE,K,20,99
2024-01,22,WOJ. POMORSKIE,K,36,8
2024-01,22,WOJ. POMORSKIE,K,23,32
2024-01,22,WOJ. POMORSKIE,K,48,4
2024-01,22,WOJ. POMORSKIE,K,41,7
2024-01,22,WOJ. POMORSKIE,K,35,10
2024-01,22,WOJ. POMORSKIE,K,27,17
2024-01,22,WOJ. POMORSKIE,K,22,24
2024-01,22,WOJ. POMORSKIE,K,28,15
2024-01,22,WOJ. POMORSKIE,K,19,442
2024-01,22,WOJ. POMORSKIE,K,17,1
2024-01,22,WOJ. POMORSKIE,K,34,17
2024-01,22,WOJ. POMORSKIE,M,49,2
2024-01,22,WOJ. POMORSKIE,M,21,47
2024-01,22,WOJ. POMORSKIE,M,27,7
2024-01,22,WOJ. POMORSKIE,M,38,8
2024-01,22,WOJ. POMORSKIE,M,32,8
2024-01,22,WOJ. POMORSKIE,M,42,4
2024-01,22,WOJ. POMORSKIE,M,16,1
2024-01,22,WOJ. POMORSKIE,M,51,2
2024-01,22,WOJ. POMORSKIE,M,62,1
2024-01,22,WOJ. POMORSKIE,M,19,517
2024-01,22,WOJ. POMORSKIE,M,25,20
2024-01,22,WOJ. POMORSKIE,M,26,17
2024-01,22,WOJ. POMORSKIE,M,31,8
2024-01,22,WOJ. POMORSKIE,M,46,2
2024-01,22,WOJ. POMORSKIE,M,28,8
2024-01,22,WOJ. POMORSKIE,M,20,115
2024-01,22,WOJ. POMORSKIE,M,22,26
2024-01,22,WOJ. POMORSKIE,M,45,2
2024-01,22,WOJ. POMORSKIE,M,36,12
2024-01,22,WOJ. POMORSKIE,M,40,2
2024-01,22,WOJ. POMORSKIE,M,34,9
2024-01,22,WOJ. POMORSKIE,M,23,18
2024-01,22,WOJ. POMORSKIE,M,37,7
2024-01,22,WOJ. POMORSKIE,M,43,3
2024-01,22,WOJ. POMORSKIE,M,39,6
2024-01,22,WOJ. POMORSKIE,M,18,64
2024-01,22,WOJ. POMORSKIE,M,29,16
2024-01,22,WOJ. POMORSKIE,M,24,23
2024-01,22,WOJ. POMORSKIE,M,30,10
2024-01,22,WOJ. POMORSKIE,M,48,2
2024-01,22,WOJ. POMORSKIE,M,47,1
2024-01,22,WOJ. POMORSKIE,M,50,1
2024-01,22,WOJ. POMORSKIE,M,44,3
2024-01,22,WOJ. POMORSKIE,M,35,8
2024-01,22,WOJ. POMORSKIE,M,17,6
2024-01,22,WOJ. POMORSKIE,M,52,2
2024-01,22,WOJ. POMORSKIE,M,41,7
2024-01,22,WOJ. POMORSKIE,M,33,8
2024-01,24,WOJ. ŚLĄSKIE,K,27,16
2024-01,24,WOJ. ŚLĄSKIE,K,23,34
2024-01,24,WOJ. ŚLĄSKIE,K,35,14
2024-01,24,WOJ. ŚLĄSKIE,K,20,144
2024-01,24,WOJ. ŚLĄSKIE,K,36,21
2024-01,24,WOJ. ŚLĄSKIE,K,39,17
2024-01,24,WOJ. ŚLĄSKIE,K,43,8
2024-01,24,WOJ. ŚLĄSKIE,K,48,4
2024-01,24,WOJ. ŚLĄSKIE,K,64,1
2024-01,24,WOJ. ŚLĄSKIE,K,45,6
2024-01,24,WOJ. ŚLĄSKIE,K,33,16
2024-01,24,WOJ. ŚLĄSKIE,K,49,4
2024-01,24,WOJ. ŚLĄSKIE,K,30,22
2024-01,24,WOJ. ŚLĄSKIE,K,56,4
2024-01,24,WOJ. ŚLĄSKIE,K,60,3
2024-01,24,WOJ. ŚLĄSKIE,K,51,7
2024-01,24,WOJ. ŚLĄSKIE,K,52,2
2024-01,24,WOJ. ŚLĄSKIE,K,58,1
2024-01,24,WOJ. ŚLĄSKIE,K,19,974
2024-01,24,WOJ. ŚLĄSKIE,K,21,64
2024-01,24,WOJ. ŚLĄSKIE,K,40,10
2024-01,24,WOJ. ŚLĄSKIE,K,44,2
2024-01,24,WOJ. ŚLĄSKIE,K,42,8
2024-01,24,WOJ. ŚLĄSKIE,K,41,10
2024-01,24,WOJ. ŚLĄSKIE,K,47,4
2024-01,24,WOJ. ŚLĄSKIE,K,46,7
2024-01,24,WOJ. ŚLĄSKIE,K,18,53
2024-01,24,WOJ. ŚLĄSKIE,K,28,29
2024-01,24,WOJ. ŚLĄSKIE,K,54,3
2024-01,24,WOJ. ŚLĄSKIE,K,24,39
2024-01,24,WOJ. ŚLĄSKIE,K,31,25
2024-01,24,WOJ. ŚLĄSKIE,K,29,21
2024-01,24,WOJ. ŚLĄSKIE,K,37,10
2024-01,24,WOJ. ŚLĄSKIE,K,53,1
2024-01,24,WOJ. ŚLĄSKIE,K,34,11
2024-01,24,WOJ. ŚLĄSKIE,K,26,28
2024-01,24,WOJ. ŚLĄSKIE,K,25,26
2024-01,24,WOJ. ŚLĄSKIE,K,22,36
2024-01,24,WOJ. ŚLĄSKIE,K,50,4
2024-01,24,WOJ. ŚLĄSKIE,K,61,2
2024-01,24,WOJ. ŚLĄSKIE,K,38,13
2024-01,24,WOJ. ŚLĄSKIE,K,17,1
2024-01,24,WOJ. ŚLĄSKIE,K,59,1
2024-01,24,WOJ. ŚLĄSKIE,K,57,2
2024-01,24,WOJ. ŚLĄSKIE,K,32,15
2024-01,24,WOJ. ŚLĄSKIE,M,45,4
2024-01,24,WOJ. ŚLĄSKIE,M,39,7
2024-01,24,WOJ. ŚLĄSKIE,M,66,1
2024-01,24,WOJ. ŚLĄSKIE,M,57,1
2024-01,24,WOJ. ŚLĄSKIE,M,25,22
2024-01,24,WOJ. ŚLĄSKIE,M,27,24
2024-01,24,WOJ. ŚLĄSKIE,M,48,2
2024-01,24,WOJ. ŚLĄSKIE,M,55,1
2024-01,24,WOJ. ŚLĄSKIE,M,64,1
2024-01,24,WOJ. ŚLĄSKIE,M,17,8
2024-01,24,WOJ. ŚLĄSKIE,M,47,2
2024-01,24,WOJ. ŚLĄSKIE,M,40,9
2024-01,24,WOJ. ŚLĄSKIE,M,50,2
2024-01,24,WOJ. ŚLĄSKIE,M,23,27
2024-01,24,WOJ. ŚLĄSKIE,M,19,1055
2024-01,24,WOJ. ŚLĄSKIE,M,20,172
2024-01,24,WOJ. ŚLĄSKIE,M,31,11
2024-01,24,WOJ. ŚLĄSKIE,M,29,14
2024-01,24,WOJ. ŚLĄSKIE,M,36,10
2024-01,24,WOJ. ŚLĄSKIE,M,44,4
2024-01,24,WOJ. ŚLĄSKIE,M,18,106
2024-01,24,WOJ. ŚLĄSKIE,M,38,9
2024-01,24,WOJ. ŚLĄSKIE,M,37,7
2024-01,24,WOJ. ŚLĄSKIE,M,46,2
2024-01,24,WOJ. ŚLĄSKIE,M,56,1
2024-01,24,WOJ. ŚLĄSKIE,M,24,34
2024-01,24,WOJ. ŚLĄSKIE,M,21,67
2024-01,24,WOJ. ŚLĄSKIE,M,52,1
2024-01,24,WOJ. ŚLĄSKIE,M,35,9
2024-01,24,WOJ. ŚLĄSKIE,M,33,8
2024-01,24,WOJ. ŚLĄSKIE,M,30,9
2024-01,24,WOJ. ŚLĄSKIE,M,49,3
2024-01,24,WOJ. ŚLĄSKIE,M,34,14
2024-01,24,WOJ. ŚLĄSKIE,M,26,20
2024-01,24,WOJ. ŚLĄSKIE,M,16,3
2024-01,24,WOJ. ŚLĄSKIE,M,51,2
2024-01,24,WOJ. ŚLĄSKIE,M,32,9
2024-01,24,WOJ. ŚLĄSKIE,M,42,5
2024-01,24,WOJ. ŚLĄSKIE,M,41,9
2024-01,24,WOJ. ŚLĄSKIE,M,43,7
2024-01,24,WOJ. ŚLĄSKIE,M,22,44
2024-01,24,WOJ. ŚLĄSKIE,M,28,16
2024-01,26,WOJ. ŚWIĘTOKRZYSTKIE,K,28,4
2024-01,26,WOJ. ŚWIĘTOKRZYSTKIE,K,37,2
2024-01,26,WOJ. ŚWIĘTOKRZYSTKIE,K,66,1
2024-01,26,WOJ. ŚWIĘTOKRZYSTKIE,K,18,45
2024-01,26,WOJ. ŚWIĘTOKRZYSTKIE,K,19,251
2024-01,26,WOJ. ŚWIĘTOKRZYSTKIE,K,21,12
2024-01,26,WOJ. ŚWIĘTOKRZYSTKIE,K,22,6
2024-01,26,WOJ. ŚWIĘTOKRZYSTKIE,K,45,2
2024-01,26,WOJ. ŚWIĘTOKRZYSTKIE,K,54,1
2024-01,26,WOJ. ŚWIĘTOKRZYSTKIE,K,41,1
2024-01,26,WOJ. ŚWIĘTOKRZYSTKIE,K,34,1
2024-01,26,WOJ. ŚWIĘTOKRZYSTKIE,K,40,5
2024-01,26,WOJ. ŚWIĘTOKRZYSTKIE,K,44,3
2024-01,26,WOJ. ŚWIĘTOKRZYSTKIE,K,26,6
2024-01,26,WOJ. ŚWIĘTOKRZYSTKIE,K,49,1
2024-01,26,WOJ. ŚWIĘTOKRZYSTKIE,K,39,3
2024-01,26,WOJ. ŚWIĘTOKRZYSTKIE,K,29,3
2024-01,26,WOJ. ŚWIĘTOKRZYSTKIE,K,60,1
2024-01,26,WOJ. ŚWIĘTOKRZYSTKIE,K,55,3
2024-01,26,WOJ. ŚWIĘTOKRZYSTKIE,K,30,5
2024-01,26,WOJ. ŚWIĘTOKRZYSTKIE,K,42,1
2024-01,26,WOJ. ŚWIĘTOKRZYSTKIE,K,25,12
2024-01,26,WOJ. ŚWIĘTOKRZYSTKIE,K,47,2
2024-01,26,WOJ. ŚWIĘTOKRZYSTKIE,K,32,3
2024-01,26,WOJ. ŚWIĘTOKRZYSTKIE,K,36,6
2024-01,26,WOJ. ŚWIĘTOKRZYSTKIE,K,27,9
2024-01,26,WOJ. ŚWIĘTOKRZYSTKIE,K,48,2
2024-01,26,WOJ. ŚWIĘTOKRZYSTKIE,K,31,3
2024-01,26,WOJ. ŚWIĘTOKRZYSTKIE,K,63,2
2024-01,26,WOJ. ŚWIĘTOKRZYSTKIE,K,51,4
2024-01,26,WOJ. ŚWIĘTOKRZYSTKIE,K,24,6
2024-01,26,WOJ. ŚWIĘTOKRZYSTKIE,K,20,36
2024-01,26,WOJ. ŚWIĘTOKRZYSTKIE,K,23,9
2024-01,26,WOJ. ŚWIĘTOKRZYSTKIE,K,38,3
2024-01,26,WOJ. ŚWIĘTOKRZYSTKIE,K,52,1
2024-01,26,WOJ. ŚWIĘTOKRZYSTKIE,K,61,1
2024-01,26,WOJ. ŚWIĘTOKRZYSTKIE,K,33,4
2024-01,26,WOJ. ŚWIĘTOKRZYSTKIE,K,46,5
2024-01,26,WOJ. ŚWIĘTOKRZYSTKIE,K,62,1
2024-01,26,WOJ. ŚWIĘTOKRZYSTKIE,K,50,3
2024-01,26,WOJ. ŚWIĘTOKRZYSTKIE,K,58,2
2024-01,26,WOJ. ŚWIĘTOKRZYSTKIE,K,43,1
2024-01,26,WOJ. ŚWIĘTOKRZYSTKIE,M,38,3
2024-01,26,WOJ. ŚWIĘTOKRZYSTKIE,M,31,3
2024-01,26,WOJ. ŚWIĘTOKRZYSTKIE,M,51,1
2024-01,26,WOJ. ŚWIĘTOKRZYSTKIE,M,40,2
2024-01,26,WOJ. ŚWIĘTOKRZYSTKIE,M,16,1
2024-01,26,WOJ. ŚWIĘTOKRZYSTKIE,M,42,1
2024-01,26,WOJ. ŚWIĘTOKRZYSTKIE,M,19,308
2024-01,26,WOJ. ŚWIĘTOKRZYSTKIE,M,39,2
2024-01,26,WOJ. ŚWIĘTOKRZYSTKIE,M,20,27
2024-01,26,WOJ. ŚWIĘTOKRZYSTKIE,M,60,1
2024-01,26,WOJ. ŚWIĘTOKRZYSTKIE,M,35,3
2024-01,26,WOJ. ŚWIĘTOKRZYSTKIE,M,48,2
2024-01,26,WOJ. ŚWIĘTOKRZYSTKIE,M,17,5
2024-01,26,WOJ. ŚWIĘTOKRZYSTKIE,M,53,2
2024-01,26,WOJ. ŚWIĘTOKRZYSTKIE,M,34,5
2024-01,26,WOJ. ŚWIĘTOKRZYSTKIE,M,21,12
2024-01,26,WOJ. ŚWIĘTOKRZYSTKIE,M,22,9
2024-01,26,WOJ. ŚWIĘTOKRZYSTKIE,M,47,1
2024-01,26,WOJ. ŚWIĘTOKRZYSTKIE,M,43,1
2024-01,26,WOJ. ŚWIĘTOKRZYSTKIE,M,30,1
2024-01,26,WOJ. ŚWIĘTOKRZYSTKIE,M,36,4
2024-01,26,WOJ. ŚWIĘTOKRZYSTKIE,M,41,1
2024-01,26,WOJ. ŚWIĘTOKRZYSTKIE,M,32,4
2024-01,26,WOJ. ŚWIĘTOKRZYSTKIE,M,33,5
2024-01,26,WOJ. ŚWIĘTOKRZYSTKIE,M,27,4
2024-01,26,WOJ. ŚWIĘTOKRZYSTKIE,M,26,5
2024-01,26,WOJ. ŚWIĘTOKRZYSTKIE,M,29,2
2024-01,26,WOJ. ŚWIĘTOKRZYSTKIE,M,18,61
2024-01,26,WOJ. ŚWIĘTOKRZYSTKIE,M,23,5
2024-01,26,WOJ. ŚWIĘTOKRZYSTKIE,M,50,3
2024-01,26,WOJ. ŚWIĘTOKRZYSTKIE,M,25,5
2024-01,26,WOJ. ŚWIĘTOKRZYSTKIE,M,56,2
2024-01,26,WOJ. ŚWIĘTOKRZYSTKIE,M,46,1
2024-01,26,WOJ. ŚWIĘTOKRZYSTKIE,M,28,3
2024-01,26,WOJ. ŚWIĘTOKRZYSTKIE,M,24,9
2024-01,28,WOJ. WARMIŃSKO-MAZURSKIE,K,31,2
2024-01,28,WOJ. WARMIŃSKO-MAZURSKIE,K,45,2
2024-01,28,WOJ. WARMIŃSKO-MAZURSKIE,K,18,64
2024-01,28,WOJ. WARMIŃSKO-MAZURSKIE,K,42,2
2024-01,28,WOJ. WARMIŃSKO-MAZURSKIE,K,24,7
2024-01,28,WOJ. WARMIŃSKO-MAZURSKIE,K,38,4
2024-01,28,WOJ. WARMIŃSKO-MAZURSKIE,K,44,2
2024-01,28,WOJ. WARMIŃSKO-MAZURSKIE,K,26,5
2024-01,28,WOJ. WARMIŃSKO-MAZURSKIE,K,39,3
2024-01,28,WOJ. WARMIŃSKO-MAZURSKIE,K,32,2
2024-01,28,WOJ. WARMIŃSKO-MAZURSKIE,K,19,254
2024-01,28,WOJ. WARMIŃSKO-MAZURSKIE,K,22,14
2024-01,28,WOJ. WARMIŃSKO-MAZURSKIE,K,61,1
2024-01,28,WOJ. WARMIŃSKO-MAZURSKIE,K,34,8
2024-01,28,WOJ. WARMIŃSKO-MAZURSKIE,K,47,2
2024-01,28,WOJ. WARMIŃSKO-MAZURSKIE,K,29,8
2024-01,28,WOJ. WARMIŃSKO-MAZURSKIE,K,36,4
2024-01,28,WOJ. WARMIŃSKO-MAZURSKIE,K,51,1
2024-01,28,WOJ. WARMIŃSKO-MAZURSKIE,K,48,2
2024-01,28,WOJ. WARMIŃSKO-MAZURSKIE,K,57,1
2024-01,28,WOJ. WARMIŃSKO-MAZURSKIE,K,49,1
2024-01,28,WOJ. WARMIŃSKO-MAZURSKIE,K,40,6
2024-01,28,WOJ. WARMIŃSKO-MAZURSKIE,K,28,10
2024-01,28,WOJ. WARMIŃSKO-MAZURSKIE,K,41,5
2024-01,28,WOJ. WARMIŃSKO-MAZURSKIE,K,37,4
2024-01,28,WOJ. WARMIŃSKO-MAZURSKIE,K,30,10
2024-01,28,WOJ. WARMIŃSKO-MAZURSKIE,K,23,11
2024-01,28,WOJ. WARMIŃSKO-MAZURSKIE,K,27,10
2024-01,28,WOJ. WARMIŃSKO-MAZURSKIE,K,56,2
2024-01,28,WOJ. WARMIŃSKO-MAZURSKIE,K,20,32
2024-01,28,WOJ. WARMIŃSKO-MAZURSKIE,K,43,4
2024-01,28,WOJ. WARMIŃSKO-MAZURSKIE,K,25,11
2024-01,28,WOJ. WARMIŃSKO-MAZURSKIE,K,21,16
2024-01,28,WOJ. WARMIŃSKO-MAZURSKIE,K,33,6
2024-01,28,WOJ. WARMIŃSKO-MAZURSKIE,K,58,1
2024-01,28,WOJ. WARMIŃSKO-MAZURSKIE,M,19,286
2024-01,28,WOJ. WARMIŃSKO-MAZURSKIE,M,17,8
2024-01,28,WOJ. WARMIŃSKO-MAZURSKIE,M,35,3
2024-01,28,WOJ. WARMIŃSKO-MAZURSKIE,M,21,19
2024-01,28,WOJ. WARMIŃSKO-MAZURSKIE,M,24,9
2024-01,28,WOJ. WARMIŃSKO-MAZURSKIE,M,34,3
2024-01,28,WOJ. WARMIŃSKO-MAZURSKIE,M,16,2
2024-01,28,WOJ. WARMIŃSKO-MAZURSKIE,M,39,1
2024-01,28,WOJ. WARMIŃSKO-MAZURSKIE,M,50,2
2024-01,28,WOJ. WARMIŃSKO-MAZURSKIE,M,44,1
2024-01,28,WOJ. WARMIŃSKO-MAZURSKIE,M,32,5
2024-01,28,WOJ. WARMIŃSKO-MAZURSKIE,M,29,9
2024-01,28,WOJ. WARMIŃSKO-MAZURSKIE,M,49,2
2024-01,28,WOJ. WARMIŃSKO-MAZURSKIE,M,41,1
2024-01,28,WOJ. WARMIŃSKO-MAZURSKIE,M,22,17
2024-01,28,WOJ. WARMIŃSKO-MAZURSKIE,M,33,5
2024-01,28,WOJ. WARMIŃSKO-MAZURSKIE,M,31,7
2024-01,28,WOJ. WARMIŃSKO-MAZURSKIE,M,55,1
2024-01,28,WOJ. WARMIŃSKO-MAZURSKIE,M,30,2
2024-01,28,WOJ. WARMIŃSKO-MAZURSKIE,M,42,2
2024-01,28,WOJ. WARMIŃSKO-MAZURSKIE,M,40,2
2024-01,28,WOJ. WARMIŃSKO-MAZURSKIE,M,28,1
2024-01,28,WOJ. WARMIŃSKO-MAZURSKIE,M,18,75
2024-01,28,WOJ. WARMIŃSKO-MAZURSKIE,M,26,9
2024-01,28,WOJ. WARMIŃSKO-MAZURSKIE,M,27,6
2024-01,28,WOJ. WARMIŃSKO-MAZURSKIE,M,46,1
2024-01,28,WOJ. WARMIŃSKO-MAZURSKIE,M,38,1
2024-01,28,WOJ. WARMIŃSKO-MAZURSKIE,M,20,35
2024-01,28,WOJ. WARMIŃSKO-MAZURSKIE,M,25,10
2024-01,28,WOJ. WARMIŃSKO-MAZURSKIE,M,23,4
2024-01,28,WOJ. WARMIŃSKO-MAZURSKIE,M,45,1
2024-01,28,WOJ. WARMIŃSKO-MAZURSKIE,M,37,3
2024-01,28,WOJ. WARMIŃSKO-MAZURSKIE,M,36,4
2024-01,28,WOJ. WARMIŃSKO-MAZURSKIE,M,47,3
2024-01,30,WOJ. WIELKOPOLSKIE,K,43,6
2024-01,30,WOJ. WIELKOPOLSKIE,K,44,7
2024-01,30,WOJ. WIELKOPOLSKIE,K,35,7
2024-01,30,WOJ. WIELKOPOLSKIE,K,20,129
2024-01,30,WOJ. WIELKOPOLSKIE,K,19,845
2024-01,30,WOJ. WIELKOPOLSKIE,K,21,44
2024-01,30,WOJ. WIELKOPOLSKIE,K,23,27
2024-01,30,WOJ. WIELKOPOLSKIE,K,36,5
2024-01,30,WOJ. WIELKOPOLSKIE,K,33,9
2024-01,30,WOJ. WIELKOPOLSKIE,K,42,12
2024-01,30,WOJ. WIELKOPOLSKIE,K,48,3
2024-01,30,WOJ. WIELKOPOLSKIE,K,56,2
2024-01,30,WOJ. WIELKOPOLSKIE,K,66,2
2024-01,30,WOJ. WIELKOPOLSKIE,K,40,5
2024-01,30,WOJ. WIELKOPOLSKIE,K,46,5
2024-01,30,WOJ. WIELKOPOLSKIE,K,26,24
2024-01,30,WOJ. WIELKOPOLSKIE,K,47,5
2024-01,30,WOJ. WIELKOPOLSKIE,K,41,8
2024-01,30,WOJ. WIELKOPOLSKIE,K,45,5
2024-01,30,WOJ. WIELKOPOLSKIE,K,65,1
2024-01,30,WOJ. WIELKOPOLSKIE,K,17,4
2024-01,30,WOJ. WIELKOPOLSKIE,K,60,1
2024-01,30,WOJ. WIELKOPOLSKIE,K,58,1
2024-01,30,WOJ. WIELKOPOLSKIE,K,25,17
2024-01,30,WOJ. WIELKOPOLSKIE,K,29,11
2024-01,30,WOJ. WIELKOPOLSKIE,K,28,15
2024-01,30,WOJ. WIELKOPOLSKIE,K,55,2
2024-01,30,WOJ. WIELKOPOLSKIE,K,37,10
2024-01,30,WOJ. WIELKOPOLSKIE,K,69,1
2024-01,30,WOJ. WIELKOPOLSKIE,K,52,3
2024-01,30,WOJ. WIELKOPOLSKIE,K,31,12
2024-01,30,WOJ. WIELKOPOLSKIE,K,27,15
2024-01,30,WOJ. WIELKOPOLSKIE,K,61,1
2024-01,30,WOJ. WIELKOPOLSKIE,K,59,1
2024-01,30,WOJ. WIELKOPOLSKIE,K,22,35
2024-01,30,WOJ. WIELKOPOLSKIE,K,39,9
2024-01,30,WOJ. WIELKOPOLSKIE,K,24,38
2024-01,30,WOJ. WIELKOPOLSKIE,K,32,12
2024-01,30,WOJ. WIELKOPOLSKIE,K,30,18
2024-01,30,WOJ. WIELKOPOLSKIE,K,18,124
2024-01,30,WOJ. WIELKOPOLSKIE,K,34,15
2024-01,30,WOJ. WIELKOPOLSKIE,K,54,2
2024-01,30,WOJ. WIELKOPOLSKIE,K,38,13
2024-01,30,WOJ. WIELKOPOLSKIE,K,53,3
2024-01,30,WOJ. WIELKOPOLSKIE,K,51,6
2024-01,30,WOJ. WIELKOPOLSKIE,K,49,3
2024-01,30,WOJ. WIELKOPOLSKIE,M,36,8
2024-01,30,WOJ. WIELKOPOLSKIE,M,60,1
2024-01,30,WOJ. WIELKOPOLSKIE,M,41,6
2024-01,30,WOJ. WIELKOPOLSKIE,M,34,8
2024-01,30,WOJ. WIELKOPOLSKIE,M,50,3
2024-01,30,WOJ. WIELKOPOLSKIE,M,53,2
2024-01,30,WOJ. WIELKOPOLSKIE,M,19,900
2024-01,30,WOJ. WIELKOPOLSKIE,M,20,132
2024-01,30,WOJ. WIELKOPOLSKIE,M,32,15
2024-01,30,WOJ. WIELKOPOLSKIE,M,40,5
2024-01,30,WOJ. WIELKOPOLSKIE,M,49,1
2024-01,30,WOJ. WIELKOPOLSKIE,M,27,12
2024-01,30,WOJ. WIELKOPOLSKIE,M,21,52
2024-01,30,WOJ. WIELKOPOLSKIE,M,26,20
2024-01,30,WOJ. WIELKOPOLSKIE,M,54,2
2024-01,30,WOJ. WIELKOPOLSKIE,M,42,7
2024-01,30,WOJ. WIELKOPOLSKIE,M,55,1
2024-01,30,WOJ. WIELKOPOLSKIE,M,25,24
2024-01,30,WOJ. WIELKOPOLSKIE,M,43,7
2024-01,30,WOJ. WIELKOPOLSKIE,M,45,10
2024-01,30,WOJ. WIELKOPOLSKIE,M,37,9
2024-01,30,WOJ. WIELKOPOLSKIE,M,46,3
2024-01,30,WOJ. WIELKOPOLSKIE,M,35,6
2024-01,30,WOJ. WIELKOPOLSKIE,M,57,1
2024-01,30,WOJ. WIELKOPOLSKIE,M,47,2
2024-01,30,WOJ. WIELKOPOLSKIE,M,44,2
2024-01,30,WOJ. WIELKOPOLSKIE,M,22,36
2024-01,30,WOJ. WIELKOPOLSKIE,M,18,157
2024-01,30,WOJ. WIELKOPOLSKIE,M,23,18
2024-01,30,WOJ. WIELKOPOLSKIE,M,29,12
2024-01,30,WOJ. WIELKOPOLSKIE,M,24,14
2024-01,30,WOJ. WIELKOPOLSKIE,M,17,32
2024-01,30,WOJ. WIELKOPOLSKIE,M,28,13
2024-01,30,WOJ. WIELKOPOLSKIE,M,39,5
2024-01,30,WOJ. WIELKOPOLSKIE,M,31,13
2024-01,30,WOJ. WIELKOPOLSKIE,M,30,10
2024-01,30,WOJ. WIELKOPOLSKIE,M,67,1
2024-01,30,WOJ. WIELKOPOLSKIE,M,33,9
2024-01,30,WOJ. WIELKOPOLSKIE,M,38,4
2024-01,30,WOJ. WIELKOPOLSKIE,M,51,1
2024-01,30,WOJ. WIELKOPOLSKIE,M,48,2
2024-01,32,WOJ. ZACHODNIOPOMORSKIE,K,33,10
2024-01,32,WOJ. ZACHODNIOPOMORSKIE,K,59,1
2024-01,32,WOJ. ZACHODNIOPOMORSKIE,K,51,1
2024-01,32,WOJ. ZACHODNIOPOMORSKIE,K,31,10
2024-01,32,WOJ. ZACHODNIOPOMORSKIE,K,43,4
2024-01,32,WOJ. ZACHODNIOPOMORSKIE,K,19,244
2024-01,32,WOJ. ZACHODNIOPOMORSKIE,K,40,8
2024-01,32,WOJ. ZACHODNIOPOMORSKIE,K,39,6
2024-01,32,WOJ. ZACHODNIOPOMORSKIE,K,23,17
2024-01,32,WOJ. ZACHODNIOPOMORSKIE,K,52,2
2024-01,32,WOJ. ZACHODNIOPOMORSKIE,K,30,9
2024-01,32,WOJ. ZACHODNIOPOMORSKIE,K,26,15
2024-01,32,WOJ. ZACHODNIOPOMORSKIE,K,44,5
2024-01,32,WOJ. ZACHODNIOPOMORSKIE,K,25,7
2024-01,32,WOJ. ZACHODNIOPOMORSKIE,K,35,6
2024-01,32,WOJ. ZACHODNIOPOMORSKIE,K,63,1
2024-01,32,WOJ. ZACHODNIOPOMORSKIE,K,46,2
2024-01,32,WOJ. ZACHODNIOPOMORSKIE,K,45,2
2024-01,32,WOJ. ZACHODNIOPOMORSKIE,K,20,46
2024-01,32,WOJ. ZACHODNIOPOMORSKIE,K,32,8
2024-01,32,WOJ. ZACHODNIOPOMORSKIE,K,18,16
2024-01,32,WOJ. ZACHODNIOPOMORSKIE,K,24,5
2024-01,32,WOJ. ZACHODNIOPOMORSKIE,K,38,5
2024-01,32,WOJ. ZACHODNIOPOMORSKIE,K,21,30
2024-01,32,WOJ. ZACHODNIOPOMORSKIE,K,47,5
2024-01,32,WOJ. ZACHODNIOPOMORSKIE,K,50,2
2024-01,32,WOJ. ZACHODNIOPOMORSKIE,K,34,8
2024-01,32,WOJ. ZACHODNIOPOMORSKIE,K,29,2
2024-01,32,WOJ. ZACHODNIOPOMORSKIE,K,42,4
2024-01,32,WOJ. ZACHODNIOPOMORSKIE,K,22,12
2024-01,32,WOJ. ZACHODNIOPOMORSKIE,K,41,8
2024-01,32,WOJ. ZACHODNIOPOMORSKIE,K,54,3
2024-01,32,WOJ. ZACHODNIOPOMORSKIE,K,66,1
2024-01,32,WOJ. ZACHODNIOPOMORSKIE,K,76,1
2024-01,32,WOJ. ZACHODNIOPOMORSKIE,K,36,4
2024-01,32,WOJ. ZACHODNIOPOMORSKIE,K,27,14
2024-01,32,WOJ. ZACHODNIOPOMORSKIE,K,28,8
2024-01,32,WOJ. ZACHODNIOPOMORSKIE,K,53,3
2024-01,32,WOJ. ZACHODNIOPOMORSKIE,K,37,5
2024-01,32,WOJ. ZACHODNIOPOMORSKIE,M,32,6
2024-01,32,WOJ. ZACHODNIOPOMORSKIE,M,29,9
2024-01,32,WOJ. ZACHODNIOPOMORSKIE,M,26,9
2024-01,32,WOJ. ZACHODNIOPOMORSKIE,M,36,8
2024-01,32,WOJ. ZACHODNIOPOMORSKIE,M,46,1
2024-01,32,WOJ. ZACHODNIOPOMORSKIE,M,39,2
2024-01,32,WOJ. ZACHODNIOPOMORSKIE,M,20,67
2024-01,32,WOJ. ZACHODNIOPOMORSKIE,M,33,3
2024-01,32,WOJ. ZACHODNIOPOMORSKIE,M,49,2
2024-01,32,WOJ. ZACHODNIOPOMORSKIE,M,28,8
2024-01,32,WOJ. ZACHODNIOPOMORSKIE,M,27,3
2024-01,32,WOJ. ZACHODNIOPOMORSKIE,M,42,3
2024-01,32,WOJ. ZACHODNIOPOMORSKIE,M,34,3
2024-01,32,WOJ. ZACHODNIOPOMORSKIE,M,53,1
2024-01,32,WOJ. ZACHODNIOPOMORSKIE,M,21,24
2024-01,32,WOJ. ZACHODNIOPOMORSKIE,M,38,6
2024-01,32,WOJ. ZACHODNIOPOMORSKIE,M,18,37
2024-01,32,WOJ. ZACHODNIOPOMORSKIE,M,37,6
2024-01,32,WOJ. ZACHODNIOPOMORSKIE,M,24,8
2024-01,32,WOJ. ZACHODNIOPOMORSKIE,M,43,5
2024-01,32,WOJ. ZACHODNIOPOMORSKIE,M,25,6
2024-01,32,WOJ. ZACHODNIOPOMORSKIE,M,40,6
2024-01,32,WOJ. ZACHODNIOPOMORSKIE,M,47,3
2024-01,32,WOJ. ZACHODNIOPOMORSKIE,M,30,9
2024-01,32,WOJ. ZACHODNIOPOMORSKIE,M,19,283
2024-01,32,WOJ. ZACHODNIOPOMORSKIE,M,41,6
2024-01,32,WOJ. ZACHODNIOPOMORSKIE,M,35,10
2024-01,32,WOJ. ZACHODNIOPOMORSKIE,M,22,13
2024-01,32,WOJ. ZACHODNIOPOMORSKIE,M,23,9
2024-01,32,WOJ. ZACHODNIOPOMORSKIE,M,52,1
2024-01,32,WOJ. ZACHODNIOPOMORSKIE,M,50,6
2024-01,32,WOJ. ZACHODNIOPOMORSKIE,M,48,1
2024-01,32,WOJ. ZACHODNIOPOMORSKIE,M,17,3
2024-01,32,WOJ. ZACHODNIOPOMORSKIE,M,44,1
2024-01,32,WOJ. ZACHODNIOPOMORSKIE,M,54,1
2024-01,32,WOJ. ZACHODNIOPOMORSKIE,M,31,11
